{"name":"0e5bbe9d-6484-4eca-84b6-07ef13e207c6","id":"/providers/Microsoft.Flow/flows/0e5bbe9d-6484-4eca-84b6-07ef13e207c6","type":"Microsoft.Flow/flows","properties":{"apiId":"/providers/Microsoft.PowerApps/apis/shared_logicflows","displayName":"Send Logged Call Email","definition":{"metadata":{"workflowEntityId":null,"processAdvisorMetadata":null,"flowclientsuspensionreason":"None","flowclientsuspensiontime":null,"creator":{"id":"e3b64c81-d40c-4447-8af4-9ad5ecb675d6","type":"User","tenantId":"4a6f086a-81e5-42f1-97c2-f8470d12d61d"},"provisioningMethod":"FromDefinition","failureAlertSubscription":true,"clientLastModifiedTime":"2022-04-28T10:00:49.5243332Z"},"$schema":"https://schema.management.azure.com/providers/Microsoft.Logic/schemas/2016-06-01/workflowdefinition.json#","contentVersion":"1.0.0.0","parameters":{"$connections":{"defaultValue":{},"type":"Object"},"$authentication":{"defaultValue":{},"type":"SecureObject"}},"triggers":{"manual":{"metadata":{"operationMetadataId":"587da80b-becd-4d3e-8ec0-138ee2ccdccb"},"type":"Request","kind":"PowerApp","inputs":{"schema":{"type":"object","properties":{"Sendanemail(V2)_Subject":{"type":"string","description":"Specify the subject of the mail. This parameter is used as part of \"3497279A-A620-40BD-83E6-398306C13BBB\"","x-ms-powerflows-param-ispartial":true},"Sendanemail(V2)_Body":{"type":"string","format":"html","description":"Specify the body of the mail. This parameter is used as part of \"16F67C0B-82D8-4A01-9BCF-7E854668A556\"","x-ms-powerflows-param-ispartial":true},"Sendanemail(V2)_Body_1":{"type":"string"},"Sendanemail(V2)_To":{"type":"string","format":"email","description":"Specify email addresses separated by semicolons like someone@contoso.com","x-ms-powerflows-param-ispartial":false}},"required":["Sendanemail(V2)_Subject","Sendanemail(V2)_Body","Sendanemail(V2)_Body_1","Sendanemail(V2)_To"]}}}},"actions":{"Send_an_email_(V2)":{"runAfter":{},"metadata":{"operationMetadataId":"346b6206-b3d9-46c6-b11c-9fbd1b64b625"},"type":"OpenApiConnection","inputs":{"host":{"apiId":"/providers/Microsoft.PowerApps/apis/shared_office365","connectionName":"shared_office365","operationId":"SendEmailV2"},"parameters":{"emailMessage/To":"@triggerBody()['Sendanemail(V2)_To']","emailMessage/Subject":"Thanks for contacting the IT Helpdesk - New Ticket Logged [ID:@{triggerBody()['Sendanemail(V2)_Subject']}]","emailMessage/Body":"<p>Thank you for contacting the IT Helpdesk.<br>\n<br>\nThis call has been logged under Support Reference <strong>ID </strong><strong>@{triggerBody()['Sendanemail(V2)_Body']}</strong>.<br>\nYour request will be allocated to a member of the Team who will contact you to assist as soon as possible.<br>\n<br>\nPlease include the ticket ID in any correspondence to this issue or reply to this email.<br>\n<br>\nKind Regards<br>\n<br>\nIT Helpdesk | Henry Boot PLC<br>\n</p>","emailMessage/From":"ITHelpdesk@henryboot.co.uk","emailMessage/Importance":"Normal"},"authentication":{"value":"@json(decodeBase64(triggerOutputs().headers['X-MS-APIM-Tokens']))['$ConnectionKey']","type":"Raw"}}}}},"connectionReferences":{"shared_office365":{"connectionName":"shared-office365-93d32fdf-a781-4297-a467-ae909aa86fae","source":"Invoker","id":"/providers/Microsoft.PowerApps/apis/shared_office365","tier":"NotSpecified"}},"flowFailureAlertSubscribed":false,"isManaged":false}}