{"name":"a63f9044-8312-42bf-a684-d7e23e473d66","id":"/providers/Microsoft.Flow/flows/a63f9044-8312-42bf-a684-d7e23e473d66","type":"Microsoft.Flow/flows","properties":{"apiId":"/providers/Microsoft.PowerApps/apis/shared_logicflows","displayName":"No Response Button","definition":{"metadata":{"workflowEntityId":null,"processAdvisorMetadata":null,"flowclientsuspensionreason":"None","flowclientsuspensiontime":null,"creator":{"id":"e3b64c81-d40c-4447-8af4-9ad5ecb675d6","type":"User","tenantId":"4a6f086a-81e5-42f1-97c2-f8470d12d61d"},"provisioningMethod":"FromDefinition","failureAlertSubscription":true,"clientLastModifiedTime":"2022-04-27T15:47:58.2165413Z"},"$schema":"https://schema.management.azure.com/providers/Microsoft.Logic/schemas/2016-06-01/workflowdefinition.json#","contentVersion":"1.0.0.0","parameters":{"$connections":{"defaultValue":{},"type":"Object"},"$authentication":{"defaultValue":{},"type":"SecureObject"}},"triggers":{"manual":{"metadata":{"operationMetadataId":"1c2b73c6-727a-4687-813c-197852dafd59"},"type":"Request","kind":"PowerApp","inputs":{"schema":{"type":"object","properties":{"Sendanemail(V2)_To":{"type":"string","format":"email","description":"Specify email addresses separated by semicolons like someone@contoso.com","x-ms-powerflows-param-ispartial":false},"Sendanemail(V2)_Subject":{"type":"string","description":"Specify the subject of the mail. This parameter is used as part of \"1CE46760-B449-4A24-8076-06BC7BA4C1AB\"","x-ms-powerflows-param-ispartial":true}},"required":["Sendanemail(V2)_To","Sendanemail(V2)_Subject"]}}}},"actions":{"Send_an_email_(V2)":{"runAfter":{},"metadata":{"operationMetadataId":"d9665b44-7fcb-4e34-90cb-621cb9aaf1a1"},"type":"OpenApiConnection","inputs":{"host":{"apiId":"/providers/Microsoft.PowerApps/apis/shared_office365","connectionName":"shared_office365","operationId":"SendEmailV2"},"parameters":{"emailMessage/To":"@triggerBody()['Sendanemail(V2)_To']","emailMessage/Subject":"Awaiting Response for Ticket [ID: @{triggerBody()['Sendanemail(V2)_Subject']}]","emailMessage/Body":"<p>Hello,<br>\n<br>\nDespite several attempts we have not heard back from you in the last three days.<br>\n<br>\nWe would like to know if your query has been resolved. If you feel the issue has not been resolved, then please reply and let us know.<br>\n<br>\nPlease note that this call will automatically be closed at the of the day if we do not hear back from you. &nbsp;<br>\n<br>\nYou can contact us again to re-open the matter at a later time.<br>\n<br>\nBest regards,<br>\n<br>\nIT Helpdesk<br>\n<br>\nGroup IT | Henry Boot PLC<br>\n</p>","emailMessage/From":"ITHelpdesk@henryboot.co.uk","emailMessage/Importance":"Normal"},"authentication":{"value":"@json(decodeBase64(triggerOutputs().headers['X-MS-APIM-Tokens']))['$ConnectionKey']","type":"Raw"}}}},"outputs":{},"description":"Create one or more actions to happen when a button or link in Power Apps is selected. To use this flow from a Power App, select the control you want to trigger the flow and go to the Action tab in the Power Apps ribbon and select Flows."},"connectionReferences":{"shared_office365":{"connectionName":"shared-office365-93d32fdf-a781-4297-a467-ae909aa86fae","source":"Invoker","id":"/providers/Microsoft.PowerApps/apis/shared_office365","tier":"NotSpecified"}},"flowFailureAlertSubscribed":false,"isManaged":false}}