{"name":"f8a2ef25-edff-4b9e-8b07-078d2ac7deea","id":"/providers/Microsoft.Flow/flows/f8a2ef25-edff-4b9e-8b07-078d2ac7deea","type":"Microsoft.Flow/flows","properties":{"apiId":"/providers/Microsoft.PowerApps/apis/shared_logicflows","displayName":"Send Call Closed Email","definition":{"metadata":{"workflowEntityId":null,"processAdvisorMetadata":null,"flowclientsuspensionreason":"None","flowclientsuspensiontime":null,"creator":{"id":"e3b64c81-d40c-4447-8af4-9ad5ecb675d6","type":"User","tenantId":"4a6f086a-81e5-42f1-97c2-f8470d12d61d"},"provisioningMethod":"FromDefinition","failureAlertSubscription":true,"clientLastModifiedTime":"2022-04-28T09:53:02.446022Z"},"$schema":"https://schema.management.azure.com/providers/Microsoft.Logic/schemas/2016-06-01/workflowdefinition.json#","contentVersion":"1.0.0.0","parameters":{"$connections":{"defaultValue":{},"type":"Object"},"$authentication":{"defaultValue":{},"type":"SecureObject"}},"triggers":{"manual":{"metadata":{"operationMetadataId":"587da80b-becd-4d3e-8ec0-138ee2ccdccb"},"type":"Request","kind":"PowerApp","inputs":{"schema":{"type":"object","properties":{"Sendanemail(V2)_Subject":{"type":"string","description":"Specify the subject of the mail. This parameter is used as part of \"373CCB7B-1B5D-4BAA-8792-CBA657870A8F\"","x-ms-powerflows-param-ispartial":true},"Sendanemail(V2)_Body":{"type":"string","format":"html","description":"Specify the body of the mail","x-ms-powerflows-param-ispartial":false},"Sendanemail(V2)_Body_1":{"type":"string"},"Sendanemail(V2)_To":{"type":"string","format":"email","description":"Specify email addresses separated by semicolons like someone@contoso.com","x-ms-powerflows-param-ispartial":false}},"required":["Sendanemail(V2)_Subject","Sendanemail(V2)_Body","Sendanemail(V2)_Body_1","Sendanemail(V2)_To"]}}}},"actions":{"Send_an_email_(V2)":{"runAfter":{},"metadata":{"operationMetadataId":"346b6206-b3d9-46c6-b11c-9fbd1b64b625"},"type":"OpenApiConnection","inputs":{"host":{"apiId":"/providers/Microsoft.PowerApps/apis/shared_office365","connectionName":"shared_office365","operationId":"SendEmailV2"},"parameters":{"emailMessage/To":"rwardell@henryboot.co.uk","emailMessage/Subject":"Closed Ticket Success [ID:@{triggerBody()['Sendanemail(V2)_Subject']}]","emailMessage/Body":"<p>We believe your issues has now been resolved, and as a result we are now closing the call. <br>\n<br>\nIf you feel the issue has not been resolved, then please reply and let us know. <br>\n<br>\nBest regards, <br>\n<br>\nIT Helpdesk <br>\n<br>\nGroup IT | Henry Boot PLC <br>\n<br>\nCallywhite Lane | Dronfield | Derbyshire | S18 2XN<br>\n<br>\nt: 01246 581699 | Ext 699<br>\n<br>\n</p>","emailMessage/From":"ITHelpdesk@henryboot.co.uk","emailMessage/Importance":"Normal"},"authentication":{"value":"@json(decodeBase64(triggerOutputs().headers['X-MS-APIM-Tokens']))['$ConnectionKey']","type":"Raw"}}}}},"connectionReferences":{"shared_office365":{"connectionName":"shared-office365-93d32fdf-a781-4297-a467-ae909aa86fae","source":"Invoker","id":"/providers/Microsoft.PowerApps/apis/shared_office365","tier":"NotSpecified"}},"flowFailureAlertSubscribed":false,"isManaged":false}}