{"schemaVersion":"1.0","appDefinitionTemplate":{"id":"/providers/Microsoft.PowerApps/apps/","type":"Microsoft.PowerApps/apps","tags":{"primaryDeviceWidth":"1366","primaryDeviceHeight":"768","sienaVersion":"20220428T133245Z-3.22043.14.0","deviceCapabilities":"","supportsPortrait":"true","supportsLandscape":"true","primaryFormFactor":"Tablet","publisherVersion":"3.22043.14","minimumRequiredApiVersion":"2.2.0","hasComponent":"true","hasUnlockedComponent":"true","isUnifiedRootApp":"false"},"properties":{"appVersion":"2022-04-28T13:32:45Z","lifeCycleId":"Published","createdByClientVersion":{"major":3,"minor":22043,"build":14,"revision":0,"majorRevision":0,"minorRevision":0},"minClientVersion":{"major":3,"minor":22043,"build":14,"revision":0,"majorRevision":0,"minorRevision":0},"backgroundColor":"RGBA(0,176,240,1)","backgroundImageUri":"/5104392724557740486/Nfd98e8c7-05cb-4f43-a4f0-4ee5fdee8cdb-logoSmallFile","displayName":"ITSYS","description":"","commitMessage":"","appUris":{"documentUri":{"value":"/5104392724557740486/N98bb1067-b92e-430e-835d-73cb1042ae06-document.msapp"},"imageUris":[]},"createdTime":"0001-01-01T00:00:00Z","lastModifiedTime":"0001-01-01T00:00:00Z","sharedGroupsCount":0,"sharedUsersCount":0,"icons":{"smallIconUri":"/5104392724557740486/N299bc433-458b-4507-8dbd-b807a9f0f26b-small.png","mediumIconUri":"/5104392724557740486/N74ef1e88-070d-40e4-a199-c5b80757331d-medium.png","largeIconUri":"/5104392724557740486/N54e88e3e-f237-4150-b3bb-79b18ae8277c-large.png","wideIconUri":"/5104392724557740486/Nda4f58e0-3db1-4a0c-98ee-2750cf2adda2-wide.png"},"connectionReferences":{"25d88414-8cfd-429c-951b-c964ad2a23a9":{"id":"8599fab9-2c00-44cb-8662-007a241b3d19","displayName":"Office 365 Users","iconUri":"https://connectoricons-prod.azureedge.net/releases/v1.0.1573/1.0.1573.2770/office365users/icon.png","dataSources":["Office365Users"],"dependencies":[],"dependents":[],"parameterHints":{},"parameterHintsV2":{},"isOnPremiseConnection":false,"bypassConsent":false,"dataSets":{},"apiTier":"Standard","isCustomApiConnection":false},"9f698466-e0d4-4071-af48-b96cc0154395":{"id":"187d48c4-5e72-42f8-a8f1-1cf5ba5d8161","displayName":"SharePoint","iconUri":"https://connectoricons-prod.azureedge.net/releases/v1.0.1568/1.0.1568.2757/sharepointonline/icon.png","dataSources":["Calls","CallUpdates","Employees_1","Equipment_1","KnowledgeBase","ChangeRequests"],"dependencies":[],"dependents":[],"parameterHints":{},"parameterHintsV2":{},"isOnPremiseConnection":false,"bypassConsent":false,"dataSets":{"https://henryboot.sharepoint.com/sites/plc/groupit/dev":{"dataSources":{"Calls":{"tableName":"0e8459ac-b7d8-4465-8068-5bd458c93f9d"},"CallUpdates":{"tableName":"9264c07c-8c69-4fe8-8dd6-cb0c19502d9c"},"Employees_1":{"tableName":"c7e82b90-9e61-4e5c-a1b9-5ac7c59e3d1a"},"Equipment_1":{"tableName":"c5c4701e-cdf1-4c96-bbb7-b775771107dc"},"KnowledgeBase":{"tableName":"8b5c75da-9692-4a9a-b01c-7f076fa95bc3"},"ChangeRequests":{"tableName":"8dc41d66-08f6-47e5-8f06-802d98ce143d"}}}},"apiTier":"Standard","isCustomApiConnection":false,"actions":["providers/PowerPlatform.Governance/Operations/Read","providers/PowerPlatform.Governance/Operations/Write"]},"d95d7da7-7b27-4469-953e-2343b2dbc840":{"id":"3eb27690-f0f1-4ddf-99dc-acd40a094105","displayName":"Logic flows","iconUri":"https://connectoricons-prod.azureedge.net/releases/v1.0.1534/1.0.1534.2605/logicflows/icon.png","dataSources":["SendLoggedCallEmail"],"dependencies":["7796ff50-898c-4798-b234-c8a47920d51b"],"dependents":[],"parameterHints":{"workflowName":{"value":"9aba070f-4600-4c56-8e6d-bba0815d0b35"},"workflowEntityId":{},"7796ff50-898c-4798-b234-c8a47920d51b":{"value":"shared_office365"}},"parameterHintsV2":{"workflowName":{"value":"9aba070f-4600-4c56-8e6d-bba0815d0b35"},"workflowEntityId":{},"shared_office365":{"value":"7796ff50-898c-4798-b234-c8a47920d51b"}},"isOnPremiseConnection":false,"bypassConsent":false,"dataSets":{},"apiTier":"Standard","isCustomApiConnection":false,"actions":["Run"],"nestedActions":[{"id":"/providers/Microsoft.PowerApps/apis/shared_office365/apiOperations/SendEmailV2","apiName":"Office 365 Outlook","actionName":"SendEmailV2","referencedResources":[]}]},"7796ff50-898c-4798-b234-c8a47920d51b":{"id":"046dc7a9-12b0-41fb-aa28-1a8416f54823","displayName":"Office 365 Outlook","iconUri":"https://connectoricons-prod.azureedge.net/releases/v1.0.1573/1.0.1573.2770/office365/icon.png","dataSources":[],"dependencies":[],"dependents":["d95d7da7-7b27-4469-953e-2343b2dbc840","b72b70d7-1e33-442b-b8c6-f8a382228fc7","433dbc93-ac14-4009-8db5-f52ef08f4fa0"],"parameterHints":{},"parameterHintsV2":{},"isOnPremiseConnection":false,"bypassConsent":false,"dataSets":{},"apiTier":"Standard","isCustomApiConnection":false},"b72b70d7-1e33-442b-b8c6-f8a382228fc7":{"id":"3eb27690-f0f1-4ddf-99dc-acd40a094105","displayName":"Logic flows","iconUri":"https://connectoricons-prod.azureedge.net/releases/v1.0.1534/1.0.1534.2605/logicflows/icon.png","dataSources":["NoResponseButton"],"dependencies":["7796ff50-898c-4798-b234-c8a47920d51b"],"dependents":[],"parameterHints":{"workflowName":{"value":"cb8be6c5-2713-4189-8e9c-f30d150d7e3a"},"workflowEntityId":{},"7796ff50-898c-4798-b234-c8a47920d51b":{"value":"shared_office365"}},"parameterHintsV2":{"workflowName":{"value":"cb8be6c5-2713-4189-8e9c-f30d150d7e3a"},"workflowEntityId":{},"shared_office365":{"value":"7796ff50-898c-4798-b234-c8a47920d51b"}},"isOnPremiseConnection":false,"bypassConsent":false,"dataSets":{},"apiTier":"Standard","isCustomApiConnection":false,"actions":["Run"],"nestedActions":[{"id":"/providers/Microsoft.PowerApps/apis/shared_office365/apiOperations/SendEmailV2","apiName":"Office 365 Outlook","actionName":"SendEmailV2","referencedResources":[]}]},"433dbc93-ac14-4009-8db5-f52ef08f4fa0":{"id":"3eb27690-f0f1-4ddf-99dc-acd40a094105","displayName":"Logic flows","iconUri":"https://connectoricons-prod.azureedge.net/releases/v1.0.1534/1.0.1534.2605/logicflows/icon.png","dataSources":["SendCallClosedEmail"],"dependencies":["7796ff50-898c-4798-b234-c8a47920d51b"],"dependents":[],"parameterHints":{"workflowName":{"value":"95f82caf-438c-4601-b3b9-4ad982849be7"},"workflowEntityId":{},"7796ff50-898c-4798-b234-c8a47920d51b":{"value":"shared_office365"}},"parameterHintsV2":{"workflowName":{"value":"95f82caf-438c-4601-b3b9-4ad982849be7"},"workflowEntityId":{},"shared_office365":{"value":"7796ff50-898c-4798-b234-c8a47920d51b"}},"isOnPremiseConnection":false,"bypassConsent":false,"dataSets":{},"apiTier":"Standard","isCustomApiConnection":false,"actions":["Run"],"nestedActions":[{"id":"/providers/Microsoft.PowerApps/apis/shared_office365/apiOperations/SendEmailV2","apiName":"Office 365 Outlook","actionName":"SendEmailV2","referencedResources":[]}]}},"databaseReferences":{},"almMode":"Environment","performanceOptimizationEnabled":true,"canConsumeAppPass":true,"executionRestrictions":{"isTeamsOnly":false,"dataLossPreventionEvaluationResult":{"status":"Compliant","lastEvaluationDate":"2022-04-28T13:33:08.42Z","violations":[],"violationsByPolicy":[],"violationErrorMessage":"The app uses the following connectors: shared_office365users, shared_sharepointonline, shared_logicflows, shared_office365."},"httpActionRestriction":{"appUsesSharepointHttpAction":false,"enforcementStrategy":"Legacy","evaluationTime":"2022-04-28T13:33:08.42Z"}}},"appType":"ClassicCanvasApp","appComponents":[]}}