{"schemaVersion":"1.0","appDefinitionTemplate":{"id":"/providers/Microsoft.PowerApps/apps/","type":"Microsoft.PowerApps/apps","tags":{"primaryDeviceWidth":"1366","primaryDeviceHeight":"768","sienaVersion":"20220325T112323Z-3.22022.23.0","deviceCapabilities":"","supportsPortrait":"true","supportsLandscape":"true","primaryFormFactor":"Tablet","publisherVersion":"3.22022.23","minimumRequiredApiVersion":"2.2.0","hasComponent":"false","hasUnlockedComponent":"false","isUnifiedRootApp":"false"},"properties":{"appVersion":"2022-03-25T11:23:23Z","lifeCycleId":"Published","createdByClientVersion":{"major":3,"minor":22022,"build":23,"revision":0,"majorRevision":0,"minorRevision":0},"minClientVersion":{"major":3,"minor":22022,"build":23,"revision":0,"majorRevision":0,"minorRevision":0},"backgroundColor":"RGBA(0,176,240,1)","backgroundImageUri":"/5104392724557740486/N969b17b0-cbf3-44db-a691-0dba96687662-logoSmallFile","displayName":"ITSYS","description":"","commitMessage":"","appUris":{"documentUri":{"value":"/5104392724557740486/N56f95af8-95df-4f5f-8f3c-a5ca200f3860-document.msapp"},"imageUris":[]},"createdTime":"0001-01-01T00:00:00Z","lastModifiedTime":"0001-01-01T00:00:00Z","sharedGroupsCount":0,"sharedUsersCount":0,"icons":{"smallIconUri":"/5104392724557740486/Nbfde8487-16f8-4d7d-ade4-6597b8c69bbe-small.png","mediumIconUri":"/5104392724557740486/N1913e4f7-124e-4e58-9ace-ba9b6d2db356-medium.png","largeIconUri":"/5104392724557740486/Nf56bc4ba-183d-4f86-930d-eaf5d9150c0e-large.png","wideIconUri":"/5104392724557740486/N7366c4c5-23f9-42dc-9399-6e89193d6e51-wide.png"},"connectionReferences":{},"databaseReferences":{},"almMode":"Environment","performanceOptimizationEnabled":true,"canConsumeAppPass":true,"executionRestrictions":{"isTeamsOnly":false,"dataLossPreventionEvaluationResult":{"status":"Compliant","lastEvaluationDate":"2022-03-25T11:23:38.9136253Z","violations":[],"violationsByPolicy":[],"violationErrorMessage":"The app uses the following connectors: ."}}},"appType":"ClassicCanvasApp","appComponents":[]}}